date,file_link
2022-11-17,https://raw.githubusercontent.com/nychealth/covid-vaccine-data/4a2c8415fc9652effd003076de0d402ab1bfd22e/people/coverage-by-demo.csv
2022-11-10,https://raw.githubusercontent.com/nychealth/covid-vaccine-data/f4b4c90903380d34c8d9852564de6aa0e37d0748/people/coverage-by-demo.csv
2022-11-03,https://raw.githubusercontent.com/nychealth/covid-vaccine-data/8d5da3799812a7e7013290d804619903cc38a7de/people/coverage-by-demo.csv
2022-10-27,https://raw.githubusercontent.com/nychealth/covid-vaccine-data/c7f30bef9f84a08db7a64b8cbb229176b425ceb4/people/coverage-by-demo.csv
2022-10-20,https://raw.githubusercontent.com/nychealth/covid-vaccine-data/0c3c8a0eef76b88ee39435473c891c3835affeb1/people/coverage-by-demo.csv
2022-10-13,https://raw.githubusercontent.com/nychealth/covid-vaccine-data/44cd84cb8f1749d754b5fe49c212181a0077f21f/people/coverage-by-demo.csv
2022-10-06,https://raw.githubusercontent.com/nychealth/covid-vaccine-data/e4e14db5516ec36dc054ee75838fa558dcd0261b/people/coverage-by-demo.csv
2022-09-29,https://raw.githubusercontent.com/nychealth/covid-vaccine-data/8ca551e92dd01d9775e2d422363f4693be2a3990/people/coverage-by-demo.csv
2022-09-23,https://raw.githubusercontent.com/nychealth/covid-vaccine-data/68e756fe84a20e264293ed191204716937a46819/people/coverage-by-demo.csv
2022-09-22,https://raw.githubusercontent.com/nychealth/covid-vaccine-data/ef0aa53de09a5416685a2c0a5768148a5fa91208/people/coverage-by-demo.csv
2022-09-21,https://raw.githubusercontent.com/nychealth/covid-vaccine-data/bb76ebe1719d0ff9a7fc441898d586a98a0f9f08/people/coverage-by-demo.csv
2022-09-20,https://raw.githubusercontent.com/nychealth/covid-vaccine-data/bcda22e8abe19971ff0e2e4d76459b282d992f07/people/coverage-by-demo.csv
2022-09-19,https://raw.githubusercontent.com/nychealth/covid-vaccine-data/6da673ea07c567d87f011f3496ba7733e421a5f6/people/coverage-by-demo.csv
2022-09-16,https://raw.githubusercontent.com/nychealth/covid-vaccine-data/9c9b2ae9530b3c99750ab2aff53f1be40f049078/people/coverage-by-demo.csv
2022-09-15,https://raw.githubusercontent.com/nychealth/covid-vaccine-data/ad35ebd351efe44c6753417ac5af702b66f17629/people/coverage-by-demo.csv
2022-09-14,https://raw.githubusercontent.com/nychealth/covid-vaccine-data/bccc4700d2b5c977a5036f498188bfa2699c3687/people/coverage-by-demo.csv
2022-09-13,https://raw.githubusercontent.com/nychealth/covid-vaccine-data/5cffb2e00cfe8066a627664e0ed4956facc8a656/people/coverage-by-demo.csv
2022-09-12,https://raw.githubusercontent.com/nychealth/covid-vaccine-data/94111c5d0e1b2da707d0ed7811dd48e9af006fbe/people/coverage-by-demo.csv
2022-09-09,https://raw.githubusercontent.com/nychealth/covid-vaccine-data/1b81246a6c445e5c034fbd8c629dacd1c0efc169/people/coverage-by-demo.csv
2022-09-08,https://raw.githubusercontent.com/nychealth/covid-vaccine-data/3e810dc9e417a3fb5ce2139de86a74035797964a/people/coverage-by-demo.csv
2022-09-07,https://raw.githubusercontent.com/nychealth/covid-vaccine-data/19984c6cb0df37d4f47024f4a57c1dc2610f3f4c/people/coverage-by-demo.csv
2022-09-06,https://raw.githubusercontent.com/nychealth/covid-vaccine-data/44b803907a08ebba3d54cfa19f52343f487ad162/people/coverage-by-demo.csv
2022-09-02,https://raw.githubusercontent.com/nychealth/covid-vaccine-data/8ac85975e09d91373691c1e90bc56cc812c229a8/people/coverage-by-demo.csv
2022-09-01,https://raw.githubusercontent.com/nychealth/covid-vaccine-data/3c81cfcddb052979bc9fdbe78da2438c58068254/people/coverage-by-demo.csv
2022-08-31,https://raw.githubusercontent.com/nychealth/covid-vaccine-data/4c22fc892450b888e38e8e16ca4c866ffe292544/people/coverage-by-demo.csv
2022-08-30,https://raw.githubusercontent.com/nychealth/covid-vaccine-data/b404293de79da3f4cc71389215b7e098e327aad9/people/coverage-by-demo.csv
2022-08-29,https://raw.githubusercontent.com/nychealth/covid-vaccine-data/7bc88aa58465a5b7f9bec29dd737a6fa012077f1/people/coverage-by-demo.csv
2022-08-26,https://raw.githubusercontent.com/nychealth/covid-vaccine-data/3c93552704c868e056d5a3e72462c40625482a1b/people/coverage-by-demo.csv
2022-08-25,https://raw.githubusercontent.com/nychealth/covid-vaccine-data/d2978758a681dd4fa992fbd9300987398ae43a76/people/coverage-by-demo.csv
2022-08-24,https://raw.githubusercontent.com/nychealth/covid-vaccine-data/d2488fe6a3e9b42757be1ad54fd066048d9e5558/people/coverage-by-demo.csv
2022-08-23,https://raw.githubusercontent.com/nychealth/covid-vaccine-data/295119280fbf7cd7a7f40e29499805bcc58b8a11/people/coverage-by-demo.csv
2022-08-22,https://raw.githubusercontent.com/nychealth/covid-vaccine-data/6cf31b1706edc27830a93b7dc619e375cd7adaf9/people/coverage-by-demo.csv
2022-08-19,https://raw.githubusercontent.com/nychealth/covid-vaccine-data/03efc0cd94d4cfef0c7d503f63b3681f2dd239ca/people/coverage-by-demo.csv
2022-08-18,https://raw.githubusercontent.com/nychealth/covid-vaccine-data/4d4a911e140d2d7b7425e5cea35f9beb069f3f17/people/coverage-by-demo.csv
2022-08-17,https://raw.githubusercontent.com/nychealth/covid-vaccine-data/cab4413dc598f877c464e297b2e1281cc6c53982/people/coverage-by-demo.csv
2022-08-16,https://raw.githubusercontent.com/nychealth/covid-vaccine-data/71e1dce8c46b42968546193d39e3868e78995a04/people/coverage-by-demo.csv
2022-08-15,https://raw.githubusercontent.com/nychealth/covid-vaccine-data/53523f8d2523df012dc3f48543cc93732dae9020/people/coverage-by-demo.csv
2022-08-12,https://raw.githubusercontent.com/nychealth/covid-vaccine-data/a968e6fa3ed5012c824efed37aabd2bd8da761e8/people/coverage-by-demo.csv
2022-08-11,https://raw.githubusercontent.com/nychealth/covid-vaccine-data/5b2c772baa01594b36f7a3da22027858fa8675ad/people/coverage-by-demo.csv
2022-08-10,https://raw.githubusercontent.com/nychealth/covid-vaccine-data/df6d3c8874919774dc1c7d16efa2c92bc88cb777/people/coverage-by-demo.csv
2022-08-09,https://raw.githubusercontent.com/nychealth/covid-vaccine-data/01f6b50a3098f6aa75beface472524a2f1ca1c90/people/coverage-by-demo.csv
2022-08-05,https://raw.githubusercontent.com/nychealth/covid-vaccine-data/a4cd1fbd4e4d3341368744b1a89c8938668c266f/people/coverage-by-demo.csv
2022-08-04,https://raw.githubusercontent.com/nychealth/covid-vaccine-data/f8225a1616415b48f743374a5c80b99e3ffa44cf/people/coverage-by-demo.csv
2022-08-03,https://raw.githubusercontent.com/nychealth/covid-vaccine-data/5c01cebebc0e5f5d4414dd52858afe2831219636/people/coverage-by-demo.csv
2022-08-02,https://raw.githubusercontent.com/nychealth/covid-vaccine-data/509f55452bff44e04a974ab2eb52d482cbc9b840/people/coverage-by-demo.csv
2022-08-01,https://raw.githubusercontent.com/nychealth/covid-vaccine-data/ee568983e456b464b2b22170a5214e995c98ed69/people/coverage-by-demo.csv
2022-07-29,https://raw.githubusercontent.com/nychealth/covid-vaccine-data/3161ae661dbbe5685b5cf92c1e1f8f91631720a1/people/coverage-by-demo.csv
2022-07-28,https://raw.githubusercontent.com/nychealth/covid-vaccine-data/8e14c66d37c2a9935d44469e7e8cc34e97f0efd3/people/coverage-by-demo.csv
2022-07-27,https://raw.githubusercontent.com/nychealth/covid-vaccine-data/07e2c59e468741bc3260a9f225424f5dee44123d/people/coverage-by-demo.csv
2022-07-26,https://raw.githubusercontent.com/nychealth/covid-vaccine-data/058c4e1a2359f480cf28bc9b884eba55bab09d4c/people/coverage-by-demo.csv
2022-07-25,https://raw.githubusercontent.com/nychealth/covid-vaccine-data/9f5caa5153efc6f47ee8d8af3df52877f8f4ef97/people/coverage-by-demo.csv
2022-07-22,https://raw.githubusercontent.com/nychealth/covid-vaccine-data/ab6628138f19aba5430d8e0aa4ec950c406264e6/people/coverage-by-demo.csv
2022-07-21,https://raw.githubusercontent.com/nychealth/covid-vaccine-data/a04f6e2898dbe2726182d2355307a45469d84fe6/people/coverage-by-demo.csv
2022-07-20,https://raw.githubusercontent.com/nychealth/covid-vaccine-data/df2834db8e8fb6e60e597c755beaf0b3494b496d/people/coverage-by-demo.csv
2022-07-19,https://raw.githubusercontent.com/nychealth/covid-vaccine-data/0afd9d5d2cd9324836623499ea137b33c5d17b90/people/coverage-by-demo.csv
2022-07-18,https://raw.githubusercontent.com/nychealth/covid-vaccine-data/6899d29166e81394a3113ca6ebab01ca50606f95/people/coverage-by-demo.csv
2022-07-15,https://raw.githubusercontent.com/nychealth/covid-vaccine-data/61e50a6e5df70b448025407205f747cfdf4c6163/people/coverage-by-demo.csv
2022-07-14,https://raw.githubusercontent.com/nychealth/covid-vaccine-data/fc57ed07da6bf06dfb6dc7d19edb3079b31bb695/people/coverage-by-demo.csv
2022-07-13,https://raw.githubusercontent.com/nychealth/covid-vaccine-data/a8dd4dba260a0589d742d9582e0e3b06435f215b/people/coverage-by-demo.csv
2022-07-12,https://raw.githubusercontent.com/nychealth/covid-vaccine-data/8b9d82d51a186832f4d0fd71fceaf754c4dbec2a/people/coverage-by-demo.csv
2022-07-11,https://raw.githubusercontent.com/nychealth/covid-vaccine-data/d78e2a553608b9157da9f273828f33d41844a8aa/people/coverage-by-demo.csv
2022-07-08,https://raw.githubusercontent.com/nychealth/covid-vaccine-data/66df94d640ee6f169e104973e2a7521fb5c4787a/people/coverage-by-demo.csv
2022-07-06,https://raw.githubusercontent.com/nychealth/covid-vaccine-data/1b302f5aea3e5b2cd6825112c4d800bf7a0e1c3b/people/coverage-by-demo.csv
2022-07-05,https://raw.githubusercontent.com/nychealth/covid-vaccine-data/c4b11c30408b9c31f5576f055574a3b071711371/people/coverage-by-demo.csv
2022-07-01,https://raw.githubusercontent.com/nychealth/covid-vaccine-data/890b7863c6665649d8d39465eb94057265b1be99/people/coverage-by-demo.csv
2022-06-30,https://raw.githubusercontent.com/nychealth/covid-vaccine-data/458c44b6809c2085995ed52d76e9a77bae8e39c7/people/coverage-by-demo.csv
2022-06-29,https://raw.githubusercontent.com/nychealth/covid-vaccine-data/1bdaaebd589ca9ddc71616bbf987087821fb006f/people/coverage-by-demo.csv
2022-06-28,https://raw.githubusercontent.com/nychealth/covid-vaccine-data/47c97657cd2c9e7b14611f488eccf52e9a2b58d5/people/coverage-by-demo.csv
2022-06-27,https://raw.githubusercontent.com/nychealth/covid-vaccine-data/98396f7cd93078d312534ff4c5e207e42d54135d/people/coverage-by-demo.csv
2022-06-24,https://raw.githubusercontent.com/nychealth/covid-vaccine-data/c43273cb1701503d8744e0fb872d6535c2a111b6/people/coverage-by-demo.csv
2022-06-23,https://raw.githubusercontent.com/nychealth/covid-vaccine-data/2f3caf1c20c8b5d9e8b67483f1cd9b4e961a330d/people/coverage-by-demo.csv
2022-06-22,https://raw.githubusercontent.com/nychealth/covid-vaccine-data/b7464f882cd1ded309021c4620a7a367f0f05d95/people/coverage-by-demo.csv
2022-06-21,https://raw.githubusercontent.com/nychealth/covid-vaccine-data/5a57f4dc89175dd7f6f0d65ed8ff5dcdebdef4c3/people/coverage-by-demo.csv
2022-06-17,https://raw.githubusercontent.com/nychealth/covid-vaccine-data/8eb9dbcb5fca00069ecb1a3f5a88792088907f95/people/coverage-by-demo.csv
2022-06-16,https://raw.githubusercontent.com/nychealth/covid-vaccine-data/ea43378e7f80e101d3bed9f9b05380040d052c95/people/coverage-by-demo.csv
2022-06-15,https://raw.githubusercontent.com/nychealth/covid-vaccine-data/0ddadfa5d0c68e7ca0c8796e69c70a3db118f616/people/coverage-by-demo.csv
2022-06-14,https://raw.githubusercontent.com/nychealth/covid-vaccine-data/594ae9453c47b21b400899bf6545f4d6879cd9dd/people/coverage-by-demo.csv
2022-06-13,https://raw.githubusercontent.com/nychealth/covid-vaccine-data/dd0093dcf3a8bf28fc44dc60cd615ebe818dddf8/people/coverage-by-demo.csv
2022-06-10,https://raw.githubusercontent.com/nychealth/covid-vaccine-data/e88c5518ab1ed0716758c7dc4f2adf769129edf1/people/coverage-by-demo.csv
2022-06-09,https://raw.githubusercontent.com/nychealth/covid-vaccine-data/c512d4902175a3c53d3a7ace1777a91926b15c65/people/coverage-by-demo.csv
2022-06-08,https://raw.githubusercontent.com/nychealth/covid-vaccine-data/c38e35c0439110996143a6717341d868beff3554/people/coverage-by-demo.csv
2022-06-07,https://raw.githubusercontent.com/nychealth/covid-vaccine-data/55529d250e3c6a3adbf65dc33b70649749db0ffe/people/coverage-by-demo.csv
2022-06-06,https://raw.githubusercontent.com/nychealth/covid-vaccine-data/630d09e36a983de1fab4a618eee63b420dbd4dd3/people/coverage-by-demo.csv
2022-06-03,https://raw.githubusercontent.com/nychealth/covid-vaccine-data/b02e3297cafd313e2c90a08398c719a076aec516/people/coverage-by-demo.csv
2022-06-02,https://raw.githubusercontent.com/nychealth/covid-vaccine-data/b8ee9088cc42c3099da3cfbcc03012d77cf5b946/people/coverage-by-demo.csv
2022-06-01,https://raw.githubusercontent.com/nychealth/covid-vaccine-data/1ee9fdf6a4e584d00068f29939eb2ce6f9003888/people/coverage-by-demo.csv
2022-05-31,https://raw.githubusercontent.com/nychealth/covid-vaccine-data/208eeb04376d7343ea5e7c2c344a886c06fa05dd/people/coverage-by-demo.csv
2022-05-27,https://raw.githubusercontent.com/nychealth/covid-vaccine-data/4ada4c0d413f2258cf893b414649873026a9da5e/people/coverage-by-demo.csv
2022-05-25,https://raw.githubusercontent.com/nychealth/covid-vaccine-data/2c28119f906c1ad37f745a29f5aaed61bc086efe/people/coverage-by-demo.csv
2022-05-24,https://raw.githubusercontent.com/nychealth/covid-vaccine-data/d8bffad96abc6721ec5758aa6fed8d88683d0fe6/people/coverage-by-demo.csv
2022-05-23,https://raw.githubusercontent.com/nychealth/covid-vaccine-data/58f421ee079e827d203138204ce5fe798631c160/people/coverage-by-demo.csv
2022-05-20,https://raw.githubusercontent.com/nychealth/covid-vaccine-data/13d138ad49b195b2925250fd5402351f32ab11e9/people/coverage-by-demo.csv
2022-05-19,https://raw.githubusercontent.com/nychealth/covid-vaccine-data/ecf991eaa66c64a4e684cbd28a8ec689cff03fbb/people/coverage-by-demo.csv
2022-05-18,https://raw.githubusercontent.com/nychealth/covid-vaccine-data/280146b38e2865b2c0d78809ca518b5aaa1462f8/people/coverage-by-demo.csv
2022-05-17,https://raw.githubusercontent.com/nychealth/covid-vaccine-data/7945af13995932dd5e61408569590309606486a8/people/coverage-by-demo.csv
2022-05-16,https://raw.githubusercontent.com/nychealth/covid-vaccine-data/c11656da4762dec1ed777d1ccd9cd96721549ecc/people/coverage-by-demo.csv
2022-05-13,https://raw.githubusercontent.com/nychealth/covid-vaccine-data/e14128f8f231125856a625c38b43abc1eb435258/people/coverage-by-demo.csv
2022-05-12,https://raw.githubusercontent.com/nychealth/covid-vaccine-data/2a1bf80abcffe6fcea8e8df62098f4cef842e363/people/coverage-by-demo.csv
2022-05-11,https://raw.githubusercontent.com/nychealth/covid-vaccine-data/5d4e78bafb31b17edea30b88ea886eb3c4eefe9e/people/coverage-by-demo.csv
2022-05-10,https://raw.githubusercontent.com/nychealth/covid-vaccine-data/3255b14d4fb10bdfee20682e2cf82f24db3b234b/people/coverage-by-demo.csv
2022-05-09,https://raw.githubusercontent.com/nychealth/covid-vaccine-data/62380dcb3df869cdeab1c4ce0edee8fb41a003cc/people/coverage-by-demo.csv
2022-05-06,https://raw.githubusercontent.com/nychealth/covid-vaccine-data/3c4b2f496f3203f844a38797d2fef52445db1dbc/people/coverage-by-demo.csv
2022-05-05,https://raw.githubusercontent.com/nychealth/covid-vaccine-data/4ecbafc96c5f4f2c6e8eb36aa146bbe7df8af613/people/coverage-by-demo.csv
2022-05-04,https://raw.githubusercontent.com/nychealth/covid-vaccine-data/08355269bcd6437536d7721ae18a56c2c24ba179/people/coverage-by-demo.csv
2022-05-03,https://raw.githubusercontent.com/nychealth/covid-vaccine-data/ca24d99e6766bd2007b5e3c187a862db577cf246/people/coverage-by-demo.csv
2022-05-02,https://raw.githubusercontent.com/nychealth/covid-vaccine-data/050f4862edb6ceb78ba7fa4282ed825ee2a63e29/people/coverage-by-demo.csv
2022-04-29,https://raw.githubusercontent.com/nychealth/covid-vaccine-data/ac9ecb1a5bcebb701837ec3b0360bce96bbb7611/people/coverage-by-demo.csv
2022-04-28,https://raw.githubusercontent.com/nychealth/covid-vaccine-data/961da6ee662cc23e97003fffb62774f650256b42/people/coverage-by-demo.csv
2022-04-27,https://raw.githubusercontent.com/nychealth/covid-vaccine-data/178adb659e92772315b01836332b5ef331053c00/people/coverage-by-demo.csv
2022-04-26,https://raw.githubusercontent.com/nychealth/covid-vaccine-data/1d7385b69eedf397f1dc3f7839c0a4bd479f19eb/people/coverage-by-demo.csv
2022-04-25,https://raw.githubusercontent.com/nychealth/covid-vaccine-data/d0edbbc0d38ffa699ebfe22fee976230f2f74f3d/people/coverage-by-demo.csv
2022-04-22,https://raw.githubusercontent.com/nychealth/covid-vaccine-data/bcc9eef9759121858c2243e8fa23905e063c42a6/people/coverage-by-demo.csv
2022-04-21,https://raw.githubusercontent.com/nychealth/covid-vaccine-data/baba2ead19f354c07fc75e9f17aea707a2d6960c/people/coverage-by-demo.csv
2022-04-20,https://raw.githubusercontent.com/nychealth/covid-vaccine-data/d66a302ea58fb7dab988e0acf4e9ff9baa22dff7/people/coverage-by-demo.csv
2022-04-19,https://raw.githubusercontent.com/nychealth/covid-vaccine-data/433c13cafac61e8e0ccae33f6b9b0b04122aedb3/people/coverage-by-demo.csv
2022-04-18,https://raw.githubusercontent.com/nychealth/covid-vaccine-data/740d5a34e2e837856ba86fd8ed13a72782b5b613/people/coverage-by-demo.csv
2022-04-15,https://raw.githubusercontent.com/nychealth/covid-vaccine-data/af27dfb019734c750975f338f7338af65f2d9c56/people/coverage-by-demo.csv
2022-04-14,https://raw.githubusercontent.com/nychealth/covid-vaccine-data/46b94c6e7420566a94545fa965d2cab9fe9c28a8/people/coverage-by-demo.csv
2022-04-13,https://raw.githubusercontent.com/nychealth/covid-vaccine-data/7886d3521ed182f4e6564d5dc10729f10aa5568c/people/coverage-by-demo.csv
2022-04-12,https://raw.githubusercontent.com/nychealth/covid-vaccine-data/6d6a50f4735a36f2299624ce57880c5e233b48dd/people/coverage-by-demo.csv
2022-04-11,https://raw.githubusercontent.com/nychealth/covid-vaccine-data/ef164a90c60fe798682b2606c784108cbb65cf68/people/coverage-by-demo.csv
2022-04-08,https://raw.githubusercontent.com/nychealth/covid-vaccine-data/99c2faa40a680703cd5238e586867529887635e9/people/coverage-by-demo.csv
2022-04-07,https://raw.githubusercontent.com/nychealth/covid-vaccine-data/227bd6103d4fe0d6206eec4e322f18b5151a2b59/people/coverage-by-demo.csv
2022-04-06,https://raw.githubusercontent.com/nychealth/covid-vaccine-data/d8ae721e0ab734f5dbb317484f6f94e632a3e75e/people/coverage-by-demo.csv
2022-04-05,https://raw.githubusercontent.com/nychealth/covid-vaccine-data/91d5b8817cc075d8995a0af6d91e826f45a1b52f/people/coverage-by-demo.csv
2022-04-04,https://raw.githubusercontent.com/nychealth/covid-vaccine-data/5186eac6d8059119170d1eb2f031989e0d536588/people/coverage-by-demo.csv
2022-04-01,https://raw.githubusercontent.com/nychealth/covid-vaccine-data/f4acfc3a8faa65f0b46e2911bef5698c53f8def8/people/coverage-by-demo.csv
2022-03-31,https://raw.githubusercontent.com/nychealth/covid-vaccine-data/35869b2010343206c3ac3d24f0b374841fae1fd0/people/coverage-by-demo.csv
2022-03-30,https://raw.githubusercontent.com/nychealth/covid-vaccine-data/4fd110a3410b6349ea3014c25f469db78863fdf8/people/coverage-by-demo.csv
2022-03-29,https://raw.githubusercontent.com/nychealth/covid-vaccine-data/def150bbe4ac877b9f80e4c940ec472a9988a2af/people/coverage-by-demo.csv
2022-03-28,https://raw.githubusercontent.com/nychealth/covid-vaccine-data/8892c6e521815c22843cababb743796818eacccd/people/coverage-by-demo.csv
2022-03-25,https://raw.githubusercontent.com/nychealth/covid-vaccine-data/2ec76d6ecbbae34b6d4589bd792c4d2a7d1314e6/people/coverage-by-demo.csv
2022-03-24,https://raw.githubusercontent.com/nychealth/covid-vaccine-data/c679fa8c9f0081a3c348d5d435b1dfb84f332e61/people/coverage-by-demo.csv
2022-03-23,https://raw.githubusercontent.com/nychealth/covid-vaccine-data/c07085931c2b30f886c665aeed1ebcf8142b3b81/people/coverage-by-demo.csv
2022-03-22,https://raw.githubusercontent.com/nychealth/covid-vaccine-data/6181182dd4e50080a45044cd8ffba967ab8aae66/people/coverage-by-demo.csv
2022-03-21,https://raw.githubusercontent.com/nychealth/covid-vaccine-data/335a80cc01db8c0fc14f858627be463a5c75e85d/people/coverage-by-demo.csv
2022-03-18,https://raw.githubusercontent.com/nychealth/covid-vaccine-data/edee9346a6456e7c16f9ed45bbe2ee316c711983/people/coverage-by-demo.csv
2022-03-17,https://raw.githubusercontent.com/nychealth/covid-vaccine-data/b19e00741aaa29a167ad115f700ebb23f4823aa4/people/coverage-by-demo.csv
2022-03-16,https://raw.githubusercontent.com/nychealth/covid-vaccine-data/4846f5f9be31824003d5116ceb77a0ffd8574d50/people/coverage-by-demo.csv
2022-03-15,https://raw.githubusercontent.com/nychealth/covid-vaccine-data/7f90dbea05ae353f4453c274b0ba0d099bb38981/people/coverage-by-demo.csv
2022-03-14,https://raw.githubusercontent.com/nychealth/covid-vaccine-data/bddc9cc1a8a60f8efb57c1b815da9ee46135c32d/people/coverage-by-demo.csv
2022-03-11,https://raw.githubusercontent.com/nychealth/covid-vaccine-data/ab50754e5cd95e3351f77db1826c4193d4e8d68c/people/coverage-by-demo.csv
2022-03-10,https://raw.githubusercontent.com/nychealth/covid-vaccine-data/8198273a582fe194c8b317e85adcb8d4aee53267/people/coverage-by-demo.csv
2022-03-09,https://raw.githubusercontent.com/nychealth/covid-vaccine-data/0755f93223c57e08c48f7498c681961dec90dea2/people/coverage-by-demo.csv
2022-03-08,https://raw.githubusercontent.com/nychealth/covid-vaccine-data/4e08d81b6c961516c0fdfe38a433237963376d38/people/coverage-by-demo.csv
2022-03-07,https://raw.githubusercontent.com/nychealth/covid-vaccine-data/a2b8099d8805df9159f5657e97b9c79b3deff3b5/people/coverage-by-demo.csv
2022-03-04,https://raw.githubusercontent.com/nychealth/covid-vaccine-data/9f4a25ca3c047a9760edfde67c04da23e3dc6809/people/coverage-by-demo.csv
2022-03-03,https://raw.githubusercontent.com/nychealth/covid-vaccine-data/2eb108c1e2e84a87fbde4d58ff2bbc7acd941134/people/coverage-by-demo.csv
2022-03-02,https://raw.githubusercontent.com/nychealth/covid-vaccine-data/b1127c0ca186243a1dd5fb257cb06059588355eb/people/coverage-by-demo.csv
2022-03-01,https://raw.githubusercontent.com/nychealth/covid-vaccine-data/4399f689a353983faa846c39f0a1241ec848e59f/people/coverage-by-demo.csv
2022-02-28,https://raw.githubusercontent.com/nychealth/covid-vaccine-data/05e1711e6fbe185a81e268314fd0e9d3ce79cc44/people/coverage-by-demo.csv
2022-02-25,https://raw.githubusercontent.com/nychealth/covid-vaccine-data/e7b2b211212977e2f26f30fad8863bc0c8841d3a/people/coverage-by-demo.csv
2022-02-24,https://raw.githubusercontent.com/nychealth/covid-vaccine-data/6d3641017fc0206635c2a2ebf881c57ecbc56287/people/coverage-by-demo.csv
2022-02-23,https://raw.githubusercontent.com/nychealth/covid-vaccine-data/b9f4e67a4ab70fc2cdfa0a49fc795a0efa8e9db7/people/coverage-by-demo.csv
2022-02-22,https://raw.githubusercontent.com/nychealth/covid-vaccine-data/68fe02987c0a3572ce941a518bd877ef5eaece24/people/coverage-by-demo.csv
2022-02-18,https://raw.githubusercontent.com/nychealth/covid-vaccine-data/3ca0728da0d8c8a0dcc054654b5f3cbbf2da13b7/people/coverage-by-demo.csv
2022-02-17,https://raw.githubusercontent.com/nychealth/covid-vaccine-data/bbcf87ea83d99f8cc044710d97aea13e8d70507e/people/coverage-by-demo.csv
2022-02-16,https://raw.githubusercontent.com/nychealth/covid-vaccine-data/62b8a4a08323ed0b81fe164a4654a91f8295847e/people/coverage-by-demo.csv
2022-02-15,https://raw.githubusercontent.com/nychealth/covid-vaccine-data/0c205e52ed65d19ed703c25dd9228043fe646f52/people/coverage-by-demo.csv
2022-02-14,https://raw.githubusercontent.com/nychealth/covid-vaccine-data/4f69a47a94a627ebb03d371ecf507869fc5187fa/people/coverage-by-demo.csv
2022-02-11,https://raw.githubusercontent.com/nychealth/covid-vaccine-data/8189ac6ccc8e590c90ad6a997bf79839e0bcc120/people/coverage-by-demo.csv
2022-02-10,https://raw.githubusercontent.com/nychealth/covid-vaccine-data/b7e2ad401d203acf1e8131b09a9b1c2704329d80/people/coverage-by-demo.csv
2022-02-09,https://raw.githubusercontent.com/nychealth/covid-vaccine-data/ff78f5043e156de8e2f0e5499cf640028ea8837c/people/coverage-by-demo.csv
2022-02-08,https://raw.githubusercontent.com/nychealth/covid-vaccine-data/da6b8b3fbd33c7405274370219220b0ab378fab8/people/coverage-by-demo.csv
2022-02-07,https://raw.githubusercontent.com/nychealth/covid-vaccine-data/620d8dcc2a46891ca194eef685bbe133c2f74691/people/coverage-by-demo.csv
2022-02-04,https://raw.githubusercontent.com/nychealth/covid-vaccine-data/3ff85ab62a5d442edced25bc420da52a7276beee/people/coverage-by-demo.csv
2022-02-03,https://raw.githubusercontent.com/nychealth/covid-vaccine-data/c4f1b61df5161bddd91f864e4f0d7c97d9870ed6/people/coverage-by-demo.csv
2022-02-02,https://raw.githubusercontent.com/nychealth/covid-vaccine-data/e91ea441c90ad5837a25a9a59f3f73606b2edf63/people/coverage-by-demo.csv
2022-02-01,https://raw.githubusercontent.com/nychealth/covid-vaccine-data/42bf1d76d9a7a2844a4dcef107a584748f8ba42b/people/coverage-by-demo.csv
2022-01-31,https://raw.githubusercontent.com/nychealth/covid-vaccine-data/cf8ee84a355bd53140a9497301204e932c746251/people/coverage-by-demo.csv
2022-01-29,https://raw.githubusercontent.com/nychealth/covid-vaccine-data/e6e6cc49ccae930c8c065bac8e11da4e66b5ef8d/people/coverage-by-demo.csv
2022-01-28,https://raw.githubusercontent.com/nychealth/covid-vaccine-data/dc3cb4aa84d8188f68587f42829c045a43b1f8f1/people/coverage-by-demo.csv
2022-01-27,https://raw.githubusercontent.com/nychealth/covid-vaccine-data/812b8ca1882be5a0feeeebc414a9da71a9d71e9c/people/coverage-by-demo.csv
2022-01-26,https://raw.githubusercontent.com/nychealth/covid-vaccine-data/fede8b87113b48059499b4b9b92bfd144687eaa8/people/coverage-by-demo.csv
2022-01-25,https://raw.githubusercontent.com/nychealth/covid-vaccine-data/54f32e2eafb0f599d68f1959a58b4fd0394f1e66/people/coverage-by-demo.csv
2022-01-24,https://raw.githubusercontent.com/nychealth/covid-vaccine-data/2d9eb5dc50ae72f9b45f72c8c59eb174d8e198d9/people/coverage-by-demo.csv
2022-01-23,https://raw.githubusercontent.com/nychealth/covid-vaccine-data/2531dbab2598ae91fb66d44a18e3c7cb1ca174fd/people/coverage-by-demo.csv
2022-01-21,https://raw.githubusercontent.com/nychealth/covid-vaccine-data/3344a7a0b05c28c01c53650e40da19c15f5835dd/people/coverage-by-demo.csv
2022-01-20,https://raw.githubusercontent.com/nychealth/covid-vaccine-data/421597a920153aa73f1068272f41d205fe565003/people/coverage-by-demo.csv
2022-01-19,https://raw.githubusercontent.com/nychealth/covid-vaccine-data/264672572196aad20e71f5e4a1222b2ae5796127/people/coverage-by-demo.csv
2022-01-18,https://raw.githubusercontent.com/nychealth/covid-vaccine-data/4fca72856a472d50afb167fc0c379c91762593ec/people/coverage-by-demo.csv
2022-01-17,https://raw.githubusercontent.com/nychealth/covid-vaccine-data/d1c2fe6cb8280ee826344970912c6715bfa58534/people/coverage-by-demo.csv
2022-01-14,https://raw.githubusercontent.com/nychealth/covid-vaccine-data/79e3d82193cd9f6d7fe45554074afad249fb518b/people/coverage-by-demo.csv
2022-01-13,https://raw.githubusercontent.com/nychealth/covid-vaccine-data/583e404615337afbd2a1a6b9f7b6e3097a49f294/people/coverage-by-demo.csv
2022-01-12,https://raw.githubusercontent.com/nychealth/covid-vaccine-data/8a4523a98b29314fa2e472e9133b77d5baf19c69/people/coverage-by-demo.csv
2022-01-11,https://raw.githubusercontent.com/nychealth/covid-vaccine-data/a7b4da2ec237c12a5c8208084836aca1270f704a/people/coverage-by-demo.csv
2022-01-10,https://raw.githubusercontent.com/nychealth/covid-vaccine-data/ddcbf937cbeef905eac020b4bf702969e7295d90/people/coverage-by-demo.csv
2022-01-08,https://raw.githubusercontent.com/nychealth/covid-vaccine-data/cbe02df0678e7fda3194befecad5e63fd445ac7d/people/coverage-by-demo.csv
2022-01-07,https://raw.githubusercontent.com/nychealth/covid-vaccine-data/ec49f71979a72ed16638139bc3ef9b5e890c31bb/people/coverage-by-demo.csv
2022-01-06,https://raw.githubusercontent.com/nychealth/covid-vaccine-data/6b7888b2365d08c1a82f4d09d6148a2cc1a5c0f4/people/coverage-by-demo.csv
2022-01-05,https://raw.githubusercontent.com/nychealth/covid-vaccine-data/2ccd17228bd8a7a592f52fe191d9e4872ea943b7/people/coverage-by-demo.csv
2022-01-04,https://raw.githubusercontent.com/nychealth/covid-vaccine-data/13b3520c89a26206b8c8562fc84766e378541b57/people/coverage-by-demo.csv
2022-01-03,https://raw.githubusercontent.com/nychealth/covid-vaccine-data/e2b59b9ffa2bc62ce65f375e7b177f094deb5da4/people/coverage-by-demo.csv
2022-01-02,https://raw.githubusercontent.com/nychealth/covid-vaccine-data/8066d7a7f142571c596e8e45de907552dc15b089/people/coverage-by-demo.csv
2021-12-30,https://raw.githubusercontent.com/nychealth/covid-vaccine-data/e4b604726b02a7c0e17044fc6b4acf7cdf0a17f6/people/coverage-by-demo.csv
2021-12-29,https://raw.githubusercontent.com/nychealth/covid-vaccine-data/7f1e10f97cf7474a958bf6dc5f6a47500c4ae5be/people/coverage-by-demo.csv
2021-12-28,https://raw.githubusercontent.com/nychealth/covid-vaccine-data/31ba77996c0b50fdc74a8ccc9bac71116995b38b/people/coverage-by-demo.csv
2021-12-27,https://raw.githubusercontent.com/nychealth/covid-vaccine-data/ada65e12c8f3294069d828a44bb10e7269160c35/people/coverage-by-demo.csv
2021-12-23,https://raw.githubusercontent.com/nychealth/covid-vaccine-data/a4dae05225cc1f1abfcd242d6fe8b19ec7851fd3/people/coverage-by-demo.csv
2021-12-22,https://raw.githubusercontent.com/nychealth/covid-vaccine-data/abd823b0424b91af9d2c7ad6b8dbf31fca35bbf0/people/coverage-by-demo.csv
2021-12-21,https://raw.githubusercontent.com/nychealth/covid-vaccine-data/3d376c16de5e8d05f86d122879878074c8ee35a3/people/coverage-by-demo.csv
2021-12-20,https://raw.githubusercontent.com/nychealth/covid-vaccine-data/63b1ceaa43b5280b6f2f0eec9ce4837afdaeb40c/people/coverage-by-demo.csv
2021-12-19,https://raw.githubusercontent.com/nychealth/covid-vaccine-data/a36b2b2ccde1fa3f244bf5140682fc873aafb99a/people/coverage-by-demo.csv
2021-12-18,https://raw.githubusercontent.com/nychealth/covid-vaccine-data/3ab63616c8e8a987a105c98194deae074f72670c/people/coverage-by-demo.csv
2021-12-17,https://raw.githubusercontent.com/nychealth/covid-vaccine-data/1307d4417f742234f6c4109d0efe439e17b89461/people/coverage-by-demo.csv
2021-12-16,https://raw.githubusercontent.com/nychealth/covid-vaccine-data/4d6f9b05907385c77df60986eaea575bfb567a96/people/coverage-by-demo.csv
2021-12-15,https://raw.githubusercontent.com/nychealth/covid-vaccine-data/c4dbf0692f1d4306c661ad0fd39fdca403ad7f2d/people/coverage-by-demo.csv
2021-12-14,https://raw.githubusercontent.com/nychealth/covid-vaccine-data/239ce079c6cf8d4aa562d58fa9262f0af937f36c/people/coverage-by-demo.csv
2021-12-13,https://raw.githubusercontent.com/nychealth/covid-vaccine-data/af5882b6eb7c1270f0d7e381efa56545941edc47/people/coverage-by-demo.csv
2021-12-12,https://raw.githubusercontent.com/nychealth/covid-vaccine-data/e87e459009d0f4ae2a5bb9ef32d7524bc01c1065/people/coverage-by-demo.csv
2021-12-11,https://raw.githubusercontent.com/nychealth/covid-vaccine-data/6bb57b6b9f5e80313b2adbe9d774d96172f3b330/people/coverage-by-demo.csv
2021-12-10,https://raw.githubusercontent.com/nychealth/covid-vaccine-data/860ad29b4c6ac0553e7f5cfbc9b4c278899657f2/people/coverage-by-demo.csv
2021-12-09,https://raw.githubusercontent.com/nychealth/covid-vaccine-data/7a1bd0d10fc257e1c6e4f33f34d023f6a2d47648/people/coverage-by-demo.csv
2021-12-08,https://raw.githubusercontent.com/nychealth/covid-vaccine-data/626e86a344e01c1fdc197b799e3002134980d731/people/coverage-by-demo.csv
2021-12-07,https://raw.githubusercontent.com/nychealth/covid-vaccine-data/c6050ed0809135f443b94d13574ea701cc68cd01/people/coverage-by-demo.csv
2021-12-06,https://raw.githubusercontent.com/nychealth/covid-vaccine-data/210b16f97e75d2c6c444e3144a1aa993ef5f9e27/people/coverage-by-demo.csv
2021-12-05,https://raw.githubusercontent.com/nychealth/covid-vaccine-data/cf5d389201998e02eb376ee8bce0a98a65ea4392/people/coverage-by-demo.csv
2021-12-04,https://raw.githubusercontent.com/nychealth/covid-vaccine-data/a8cfd451f347623bebb619b600d152e88c1d55a5/people/coverage-by-demo.csv
2021-12-03,https://raw.githubusercontent.com/nychealth/covid-vaccine-data/c167f071dac75666b531c9256fbb3ca9ee4f747e/people/coverage-by-demo.csv
2021-12-02,https://raw.githubusercontent.com/nychealth/covid-vaccine-data/1363ab855b95867f9e88f1337a226dc1ed69b67a/people/coverage-by-demo.csv
2021-12-01,https://raw.githubusercontent.com/nychealth/covid-vaccine-data/a60e1389b6571aa6eda2e1efe1a708dd9addf069/people/coverage-by-demo.csv
2021-11-30,https://raw.githubusercontent.com/nychealth/covid-vaccine-data/41bd665740d2ffbd3356fbfbb855f4bd3da5cffe/people/coverage-by-demo.csv
2021-11-29,https://raw.githubusercontent.com/nychealth/covid-vaccine-data/4a11322f544d5a9f8650dc8d753b02783c17eb98/people/coverage-by-demo.csv
2021-11-28,https://raw.githubusercontent.com/nychealth/covid-vaccine-data/673c7b4e89a7a143191f7cc5caee7f1eec95e4a9/people/coverage-by-demo.csv
2021-11-27,https://raw.githubusercontent.com/nychealth/covid-vaccine-data/3bd0910b2d49e1a1c29f544fc68af3ffcce4665f/people/coverage-by-demo.csv
2021-11-26,https://raw.githubusercontent.com/nychealth/covid-vaccine-data/f28a4a0213cd9af5da1cdb64fb0525c3e3cf7b0d/people/coverage-by-demo.csv
2021-11-24,https://raw.githubusercontent.com/nychealth/covid-vaccine-data/5ffa0292b73bc6131e57404b012a00c5d49105b6/people/coverage-by-demo.csv
2021-11-23,https://raw.githubusercontent.com/nychealth/covid-vaccine-data/f45bc81b8c5d62718829d7c2a52df4a97f6e0f91/people/coverage-by-demo.csv
2021-11-22,https://raw.githubusercontent.com/nychealth/covid-vaccine-data/817be33c59c25c7eccfc5931a2764fa7f036d8f9/people/coverage-by-demo.csv
2021-11-21,https://raw.githubusercontent.com/nychealth/covid-vaccine-data/697b8d2792297d6675c6e537f712cc1a2497e13a/people/coverage-by-demo.csv
2021-11-20,https://raw.githubusercontent.com/nychealth/covid-vaccine-data/4382d1beb82e0280a4864cd9b52ee8d8a8d6c0fc/people/coverage-by-demo.csv
2021-11-19,https://raw.githubusercontent.com/nychealth/covid-vaccine-data/792fb194dc41fadceac58c24f304fd3ca07600f1/people/coverage-by-demo.csv
2021-11-18,https://raw.githubusercontent.com/nychealth/covid-vaccine-data/9cf356e9566b31638bc8c7b901ca9b94b3d35e35/people/coverage-by-demo.csv
2021-11-17,https://raw.githubusercontent.com/nychealth/covid-vaccine-data/90e6e3b82fb5810eea58670e31ca401610a0df6c/people/coverage-by-demo.csv
2021-11-16,https://raw.githubusercontent.com/nychealth/covid-vaccine-data/53ae76c897eccd6d2cadf14952e86305ddd9f69e/people/coverage-by-demo.csv
2021-11-15,https://raw.githubusercontent.com/nychealth/covid-vaccine-data/e7823f081e9ec43ae905a401db64836d29c82b93/people/coverage-by-demo.csv
2021-11-14,https://raw.githubusercontent.com/nychealth/covid-vaccine-data/b40c79e52cc1dd2b4a3dbf03d47f36f41843b36a/people/coverage-by-demo.csv
2021-11-13,https://raw.githubusercontent.com/nychealth/covid-vaccine-data/328c8258c7d7a360a96628b0b77e50a988940860/people/coverage-by-demo.csv
2021-11-12,https://raw.githubusercontent.com/nychealth/covid-vaccine-data/76246fd76f6b159ff931717a2f26c3355fc1a152/people/coverage-by-demo.csv
2021-11-10,https://raw.githubusercontent.com/nychealth/covid-vaccine-data/6234fd4a2291dfb321f26bc15a940ddd6c40f0f0/people/coverage-by-demo.csv
2021-11-09,https://raw.githubusercontent.com/nychealth/covid-vaccine-data/3c20f45715b90d74b8770d20661073fe1eba02d3/people/coverage-by-demo.csv
2021-11-08,https://raw.githubusercontent.com/nychealth/covid-vaccine-data/a7859f0acb3f9e80205417b0c875fdea884ea1aa/people/coverage-by-demo.csv
2021-11-07,https://raw.githubusercontent.com/nychealth/covid-vaccine-data/eed48ecd874664dcb2cbe456feb9cbaefdf693d2/people/coverage-by-demo.csv
2021-11-06,https://raw.githubusercontent.com/nychealth/covid-vaccine-data/0ca8fe90123cbd799d29d291990a8192c975a010/people/coverage-by-demo.csv
2021-11-05,https://raw.githubusercontent.com/nychealth/covid-vaccine-data/521ff43170cb77355c3d29f73032a91c7a994d84/people/coverage-by-demo.csv
2021-11-04,https://raw.githubusercontent.com/nychealth/covid-vaccine-data/0ca5258d1a518bb4335214065f6dc75e115645f7/people/coverage-by-demo.csv
2021-11-03,https://raw.githubusercontent.com/nychealth/covid-vaccine-data/d8fbea3300acf57a86d1021f3e33ca6287ff804d/people/coverage-by-demo.csv
2021-11-01,https://raw.githubusercontent.com/nychealth/covid-vaccine-data/d722f102e40cc06e0117d5c3955c5c3aa443a26e/people/coverage-by-demo.csv
2021-10-31,https://raw.githubusercontent.com/nychealth/covid-vaccine-data/752a1bf89f137e0e7af98eea4c05055d033e036f/people/coverage-by-demo.csv
2021-10-30,https://raw.githubusercontent.com/nychealth/covid-vaccine-data/681cba1e80b943e7f6b1ebe06be1b3b9760ea122/people/coverage-by-demo.csv
2021-10-29,https://raw.githubusercontent.com/nychealth/covid-vaccine-data/325aedb54b012711010c09f1950787d522970ca9/people/coverage-by-demo.csv
2021-10-28,https://raw.githubusercontent.com/nychealth/covid-vaccine-data/a4b387c4b8f16034ec1694b642380510bed760d9/people/coverage-by-demo.csv
2021-10-26,https://raw.githubusercontent.com/nychealth/covid-vaccine-data/60d71ccc1a680cdcbda614ea6b0b11332709ace3/people/coverage-by-demo.csv
2021-10-25,https://raw.githubusercontent.com/nychealth/covid-vaccine-data/47baa719b2956ab11568e9a6b6ace8bd3f072a10/people/coverage-by-demo.csv
2021-10-24,https://raw.githubusercontent.com/nychealth/covid-vaccine-data/ab92e41e9e048e77cca6dc75580597434a032790/people/coverage-by-demo.csv
2021-10-23,https://raw.githubusercontent.com/nychealth/covid-vaccine-data/ec87c28fd5d9f9ad47d789364c996e2283a3a690/people/coverage-by-demo.csv
2021-10-22,https://raw.githubusercontent.com/nychealth/covid-vaccine-data/c364993194ce54ac88cf9b2aff61b659e9c45945/people/coverage-by-demo.csv
2021-10-21,https://raw.githubusercontent.com/nychealth/covid-vaccine-data/afc32554b7d824da972946453d47fa9bbe6c2fa3/people/coverage-by-demo.csv
2021-10-20,https://raw.githubusercontent.com/nychealth/covid-vaccine-data/6cfecc428afad48009540fd2a0753e5bbaf501d8/people/coverage-by-demo.csv
2021-10-19,https://raw.githubusercontent.com/nychealth/covid-vaccine-data/290ba1b2573fd17af692bf4d9a40c8fd600e58d6/people/coverage-by-demo.csv
2021-10-18,https://raw.githubusercontent.com/nychealth/covid-vaccine-data/77c3ba84b12dc61e70fc7040e28e1290b045d47e/people/coverage-by-demo.csv
2021-10-17,https://raw.githubusercontent.com/nychealth/covid-vaccine-data/062ffcfe58c286e8debf2abce10f39fe2215f8f9/people/coverage-by-demo.csv
2021-10-16,https://raw.githubusercontent.com/nychealth/covid-vaccine-data/f7d67f617587569b010cab2011b243f35a7a314a/people/coverage-by-demo.csv
2021-10-15,https://raw.githubusercontent.com/nychealth/covid-vaccine-data/9f0fa02047b9d2c76069457b8fea8fe0d0049331/people/coverage-by-demo.csv
2021-10-14,https://raw.githubusercontent.com/nychealth/covid-vaccine-data/1352adf483e7165d3c64f45d7de04230185f59c9/people/coverage-by-demo.csv
2021-10-13,https://raw.githubusercontent.com/nychealth/covid-vaccine-data/64bafb0b3793f9cca0745c207d6b71c5085c6dc5/people/coverage-by-demo.csv
2021-10-12,https://raw.githubusercontent.com/nychealth/covid-vaccine-data/23a2ad485c89a250080c82af6370555311c01990/people/coverage-by-demo.csv
2021-10-11,https://raw.githubusercontent.com/nychealth/covid-vaccine-data/cdb526302ddb8a2c225da8d360d8b78eafadeed9/people/coverage-by-demo.csv
2021-10-10,https://raw.githubusercontent.com/nychealth/covid-vaccine-data/08e4f1d9a94f229b2ae1a255aba17bc5b4885461/people/coverage-by-demo.csv
2021-10-09,https://raw.githubusercontent.com/nychealth/covid-vaccine-data/cf97435ac2cbe2d8942ec8668e3c73ceaa3a17a6/people/coverage-by-demo.csv
2021-10-08,https://raw.githubusercontent.com/nychealth/covid-vaccine-data/a8ae5ee4885e767d8537f3cf8096cb188c599f31/people/coverage-by-demo.csv
2021-10-07,https://raw.githubusercontent.com/nychealth/covid-vaccine-data/21fc3cde8afbce8f35f7c88294835a1d075d6d11/people/coverage-by-demo.csv
2021-10-06,https://raw.githubusercontent.com/nychealth/covid-vaccine-data/618aedd8d1afa368ee923b8abb8890382eefa57b/people/coverage-by-demo.csv
2021-10-05,https://raw.githubusercontent.com/nychealth/covid-vaccine-data/11e2d30ccb347eaf0248e7d8721b83ff8d5d010f/people/coverage-by-demo.csv
2021-10-04,https://raw.githubusercontent.com/nychealth/covid-vaccine-data/b7df63454b35811af331325f8f0d9fcad03e6b1c/people/coverage-by-demo.csv
2021-10-03,https://raw.githubusercontent.com/nychealth/covid-vaccine-data/08e87a03064aa086bdaf53bd3a08d1815201970a/people/coverage-by-demo.csv
2021-10-02,https://raw.githubusercontent.com/nychealth/covid-vaccine-data/d8722ec435c4ac315730a5996ddf0d92bc30b6d7/people/coverage-by-demo.csv
2021-10-01,https://raw.githubusercontent.com/nychealth/covid-vaccine-data/4d22de99ec1c5ec2dc45252b8cf514feea9e87df/people/coverage-by-demo.csv
2021-09-30,https://raw.githubusercontent.com/nychealth/covid-vaccine-data/299e4a75127507abeae701c763547511f9f2cfc1/people/coverage-by-demo.csv
2021-09-29,https://raw.githubusercontent.com/nychealth/covid-vaccine-data/1a0684f36978790dc6b914be9ff96246efaec14b/people/coverage-by-demo.csv
2021-09-28,https://raw.githubusercontent.com/nychealth/covid-vaccine-data/828d83392c6beced1deafbc4298f31b31a41c5e4/people/coverage-by-demo.csv
2021-09-27,https://raw.githubusercontent.com/nychealth/covid-vaccine-data/815b0bfcfcab84ea13c07794896eaa7aa17ea5b1/people/coverage-by-demo.csv
2021-09-26,https://raw.githubusercontent.com/nychealth/covid-vaccine-data/43aaf121531a130f444977ddb409935832721bfb/people/coverage-by-demo.csv
2021-09-25,https://raw.githubusercontent.com/nychealth/covid-vaccine-data/4bf75dc84fe2b1824c6749a98fbf31a22200f7b8/people/coverage-by-demo.csv
2021-09-24,https://raw.githubusercontent.com/nychealth/covid-vaccine-data/8bd3ce41f8c9f402114a0b984015e4d1639e2820/people/coverage-by-demo.csv
2021-09-23,https://raw.githubusercontent.com/nychealth/covid-vaccine-data/cdfa32ce8f3137cc220e16150813869a7306a8e4/people/coverage-by-demo.csv
2021-09-22,https://raw.githubusercontent.com/nychealth/covid-vaccine-data/2c99c4c4d621e4e70b23a017d859c9f8f43dd231/people/coverage-by-demo.csv
2021-09-21,https://raw.githubusercontent.com/nychealth/covid-vaccine-data/b694e68e93784d29cb0ff6ad06f9585f65fd4d4e/people/coverage-by-demo.csv
2021-09-20,https://raw.githubusercontent.com/nychealth/covid-vaccine-data/b4e34ec77afff188986fe8deae4454748e3114d8/people/coverage-by-demo.csv
2021-09-19,https://raw.githubusercontent.com/nychealth/covid-vaccine-data/be432484a30814e27f46b67115a033fa736a621c/people/coverage-by-demo.csv
2021-09-18,https://raw.githubusercontent.com/nychealth/covid-vaccine-data/6bec50b7a9830ffdf21a91894ae38aabb2b7d26c/people/coverage-by-demo.csv
2021-09-15,https://raw.githubusercontent.com/nychealth/covid-vaccine-data/b221ae7dc12b2f7db00dd2b7fe9a6ca0e2b1c76b/people/coverage-by-demo.csv
2021-09-14,https://raw.githubusercontent.com/nychealth/covid-vaccine-data/3d1420190dec86c81bb9017094ad94be39d9ed0f/people/coverage-by-demo.csv
2021-09-13,https://raw.githubusercontent.com/nychealth/covid-vaccine-data/962c23332a152c6a56681799505fd60b227b9955/people/coverage-by-demo.csv
2021-09-12,https://raw.githubusercontent.com/nychealth/covid-vaccine-data/5c7e420f5f95f3c3c1c8359763a579273d3787cd/people/coverage-by-demo.csv
2021-09-11,https://raw.githubusercontent.com/nychealth/covid-vaccine-data/76b81b2cb62aaac7222d515fd8152e09b1461c71/people/coverage-by-demo.csv
2021-09-10,https://raw.githubusercontent.com/nychealth/covid-vaccine-data/94e8ee827db7a9056bbdb71833f9000960d7e63f/people/coverage-by-demo.csv
2021-09-09,https://raw.githubusercontent.com/nychealth/covid-vaccine-data/7441e7095b606bfd1b0316ac23413bd21f79ee23/people/coverage-by-demo.csv
2021-09-08,https://raw.githubusercontent.com/nychealth/covid-vaccine-data/71da63ce2370f03ee3005dde63394b5961814a27/people/coverage-by-demo.csv
2021-09-07,https://raw.githubusercontent.com/nychealth/covid-vaccine-data/6f55160ca242163d5c89c731a8c6215475145b90/people/coverage-by-demo.csv
2021-09-06,https://raw.githubusercontent.com/nychealth/covid-vaccine-data/f27f437e51290a97e36d36a3549adb5658ab2526/people/coverage-by-demo.csv
2021-09-05,https://raw.githubusercontent.com/nychealth/covid-vaccine-data/427d0529f789c3f9bdd0ff9cc2b4166b6b401fdf/people/coverage-by-demo.csv
2021-09-04,https://raw.githubusercontent.com/nychealth/covid-vaccine-data/1a2e59b26d67db5c1245e57a0547666ddba395c6/people/coverage-by-demo.csv
2021-09-03,https://raw.githubusercontent.com/nychealth/covid-vaccine-data/60ceb1444fa9fe292639ed0c0351220e6b210e81/people/coverage-by-demo.csv
2021-09-02,https://raw.githubusercontent.com/nychealth/covid-vaccine-data/1cff56d3739e899366c1e439687faec7e45f3f80/people/coverage-by-demo.csv
2021-09-01,https://raw.githubusercontent.com/nychealth/covid-vaccine-data/21b4214aaea8d1fa6b6609274dc5eb498ef328e5/people/coverage-by-demo.csv
2021-08-31,https://raw.githubusercontent.com/nychealth/covid-vaccine-data/7179fbc31c0fcdbce7f8e8decf59cc44d9b2a647/people/coverage-by-demo.csv
2021-08-30,https://raw.githubusercontent.com/nychealth/covid-vaccine-data/9f67a15d8191a92641e7859531ebada69f4efaf3/people/coverage-by-demo.csv
2021-08-29,https://raw.githubusercontent.com/nychealth/covid-vaccine-data/21ac0d0364a617b599d8f18eb1c71cc867fd531d/people/coverage-by-demo.csv
2021-08-28,https://raw.githubusercontent.com/nychealth/covid-vaccine-data/064f792ad9ee8277a557efbbd2a045d3f1584998/people/coverage-by-demo.csv
2021-08-27,https://raw.githubusercontent.com/nychealth/covid-vaccine-data/d295986b21e2507d5388f15df1a7c4db5102289c/people/coverage-by-demo.csv
2021-08-26,https://raw.githubusercontent.com/nychealth/covid-vaccine-data/d923b8d31a7a37679e8f10bcb0f46a8445fbce75/people/coverage-by-demo.csv
2021-08-25,https://raw.githubusercontent.com/nychealth/covid-vaccine-data/86b320017cab78f6b1e31da185e1a1e31f984731/people/coverage-by-demo.csv
2021-08-24,https://raw.githubusercontent.com/nychealth/covid-vaccine-data/c89130aaf8f9a11eae9dd4ce25cdc407e9210181/people/coverage-by-demo.csv
2021-08-23,https://raw.githubusercontent.com/nychealth/covid-vaccine-data/ee9cc3bee91d98ff3e18bc46bc5a1d0cc3104c32/people/coverage-by-demo.csv
2021-08-22,https://raw.githubusercontent.com/nychealth/covid-vaccine-data/f94c94ba1e8269ee6c9a80ac9781e04e00513aec/people/coverage-by-demo.csv
2021-08-21,https://raw.githubusercontent.com/nychealth/covid-vaccine-data/68fc245ee48c3f1e807dff355d7a41b4c43df375/people/coverage-by-demo.csv
2021-08-19,https://raw.githubusercontent.com/nychealth/covid-vaccine-data/13baf729f9ac7cfd3e5370257c3c82b259dded5e/people/coverage-by-demo.csv
2021-08-18,https://raw.githubusercontent.com/nychealth/covid-vaccine-data/b14c35f36c6a2da1794de6b277ab65d8db442ae1/people/coverage-by-demo.csv
2021-08-17,https://raw.githubusercontent.com/nychealth/covid-vaccine-data/54fe597a2cebfaf59867baaf854b199129e98d73/people/coverage-by-demo.csv
2021-08-16,https://raw.githubusercontent.com/nychealth/covid-vaccine-data/420f47805bfc2221cc32ec5572d6b6e3ce90a8ab/people/coverage-by-demo.csv
2021-08-15,https://raw.githubusercontent.com/nychealth/covid-vaccine-data/3e38dbcd691fde4e3dfd4fed0e8e3d365d940522/people/coverage-by-demo.csv
2021-08-14,https://raw.githubusercontent.com/nychealth/covid-vaccine-data/0e7fba608b8e3569de88dfb5dbbf7409442e434d/people/coverage-by-demo.csv
2021-08-13,https://raw.githubusercontent.com/nychealth/covid-vaccine-data/307055f6e284264fae7f725e60efefbe29f176ea/people/coverage-by-demo.csv
2021-08-12,https://raw.githubusercontent.com/nychealth/covid-vaccine-data/4046263a26ce81b05df5ec9cc4d62a3e23b8eb3c/people/coverage-by-demo.csv
2021-08-11,https://raw.githubusercontent.com/nychealth/covid-vaccine-data/2668a3af9493d7732fe03c52bc5f6a471f8c4203/people/coverage-by-demo.csv
2021-08-10,https://raw.githubusercontent.com/nychealth/covid-vaccine-data/5a1fcc7779ce8290108a4241b4e3a8d3e4d68706/people/coverage-by-demo.csv
2021-08-09,https://raw.githubusercontent.com/nychealth/covid-vaccine-data/838d72497e476c065efa7e044335c440b7f1eb3a/people/coverage-by-demo.csv
2021-08-08,https://raw.githubusercontent.com/nychealth/covid-vaccine-data/b61f87925eac9faa0d62558a3ba251d444a8b2b7/people/coverage-by-demo.csv
2021-08-07,https://raw.githubusercontent.com/nychealth/covid-vaccine-data/45761b7843f0867293fd41ca848448bb056ed031/people/coverage-by-demo.csv
2021-08-06,https://raw.githubusercontent.com/nychealth/covid-vaccine-data/fb9068c59d15fddab19df9cae08712ee10c859c3/people/coverage-by-demo.csv
2021-08-05,https://raw.githubusercontent.com/nychealth/covid-vaccine-data/45a48dd175df2ad4b4edbac8c8e8ea3855e94134/people/coverage-by-demo.csv
2021-08-04,https://raw.githubusercontent.com/nychealth/covid-vaccine-data/9a0ea5acae5cf24e7036f9b36dcbedda25c5cf67/people/coverage-by-demo.csv
2021-08-03,https://raw.githubusercontent.com/nychealth/covid-vaccine-data/45c05e4240368c77cae9358de7456e07e45643e4/people/coverage-by-demo.csv
2021-08-02,https://raw.githubusercontent.com/nychealth/covid-vaccine-data/d244ef13fcbc390af4d9850379814fefc85de531/people/coverage-by-demo.csv
2021-08-01,https://raw.githubusercontent.com/nychealth/covid-vaccine-data/b086af44e9da209fc724c64ad3153567dbba4af9/people/coverage-by-demo.csv
2021-07-31,https://raw.githubusercontent.com/nychealth/covid-vaccine-data/70e121479ef0b6228c8780b9f5c6457ce2c94a26/people/coverage-by-demo.csv
2021-07-30,https://raw.githubusercontent.com/nychealth/covid-vaccine-data/3057ab1a290d7bf37fe2d8baba5e1d8b0ae22138/people/coverage-by-demo.csv
2021-07-29,https://raw.githubusercontent.com/nychealth/covid-vaccine-data/470af793627e222c095d02ca42c1ea888c24166e/people/coverage-by-demo.csv
2021-07-28,https://raw.githubusercontent.com/nychealth/covid-vaccine-data/6d5d9e9ea0b23da02811b11288f5df049683b4c6/people/coverage-by-demo.csv
2021-07-27,https://raw.githubusercontent.com/nychealth/covid-vaccine-data/cfc0cc914d94ba084a22eaf41700af25ca9c24b5/people/coverage-by-demo.csv
2021-07-26,https://raw.githubusercontent.com/nychealth/covid-vaccine-data/5a01951d7c63ac7c6de6380547b41b1ecd5e0503/people/coverage-by-demo.csv
2021-07-25,https://raw.githubusercontent.com/nychealth/covid-vaccine-data/386b2ec8c599d988952614eae8026e2b1ac24e8b/people/coverage-by-demo.csv
2021-07-24,https://raw.githubusercontent.com/nychealth/covid-vaccine-data/405ac456008bb7d02b95a646aafbe9d11c41bff4/people/coverage-by-demo.csv
2021-07-23,https://raw.githubusercontent.com/nychealth/covid-vaccine-data/21aeccfc327d6560d1ff5619a405709d125342d9/people/coverage-by-demo.csv
2021-07-22,https://raw.githubusercontent.com/nychealth/covid-vaccine-data/a6d6ccd663e8d5d2fd4653bee7d324218f86a1ab/people/coverage-by-demo.csv
2021-07-21,https://raw.githubusercontent.com/nychealth/covid-vaccine-data/53238559e59c7aa4448a2d0a58f37b97b60e3864/people/coverage-by-demo.csv
2021-07-20,https://raw.githubusercontent.com/nychealth/covid-vaccine-data/830c732520a67b352d65f52c94e8bc9302d9a642/people/coverage-by-demo.csv
2021-07-19,https://raw.githubusercontent.com/nychealth/covid-vaccine-data/e8dcd139ec9b53311fecc6c6ca6c6e0a59105511/people/coverage-by-demo.csv
2021-07-18,https://raw.githubusercontent.com/nychealth/covid-vaccine-data/085f10546b6ee7fd5a6bc1c8d067977f1f338f93/people/coverage-by-demo.csv
2021-07-17,https://raw.githubusercontent.com/nychealth/covid-vaccine-data/8efc7503778c70aa91f30f0bcbd9b0a9e249af78/people/coverage-by-demo.csv
2021-07-16,https://raw.githubusercontent.com/nychealth/covid-vaccine-data/cf56e1afcfd6b4dd648c51225839cfb8eb53f6ce/people/coverage-by-demo.csv
2021-07-15,https://raw.githubusercontent.com/nychealth/covid-vaccine-data/15c866234dffd5aa93d07b7979b36a7f2af597c3/people/coverage-by-demo.csv
2021-07-14,https://raw.githubusercontent.com/nychealth/covid-vaccine-data/a484104b357545fa2948138e23933d557ed20698/people/coverage-by-demo.csv
2021-07-13,https://raw.githubusercontent.com/nychealth/covid-vaccine-data/2170393ddddf336919574196e2cd57659e50794c/people/coverage-by-demo.csv
2021-07-12,https://raw.githubusercontent.com/nychealth/covid-vaccine-data/542793062b297ed2d11a059ddcddc6e371fa6e5c/people/coverage-by-demo.csv
2021-07-11,https://raw.githubusercontent.com/nychealth/covid-vaccine-data/4ed3ecd75237f66dc903d896187c70798e17fdcc/people/coverage-by-demo.csv
2021-07-10,https://raw.githubusercontent.com/nychealth/covid-vaccine-data/900f34be9e2f90d88cd6593b3a351757b9946a4d/people/coverage-by-demo.csv
2021-07-09,https://raw.githubusercontent.com/nychealth/covid-vaccine-data/9bcb2dc755d854748bfd056b2a2690dad83f54c4/people/coverage-by-demo.csv
2021-07-08,https://raw.githubusercontent.com/nychealth/covid-vaccine-data/e0ed852e8f6c09662690e5ca3d322ac60d581b24/people/coverage-by-demo.csv
2021-07-07,https://raw.githubusercontent.com/nychealth/covid-vaccine-data/c389c870ce2e88abf011a15982e1e03ada2f3ae1/people/coverage-by-demo.csv
2021-07-06,https://raw.githubusercontent.com/nychealth/covid-vaccine-data/79383a09d164f318c602d740f341b69fb777ff04/people/coverage-by-demo.csv
2021-07-05,https://raw.githubusercontent.com/nychealth/covid-vaccine-data/d6853763ba849e541be53bb62561e8810554f807/people/coverage-by-demo.csv
2021-07-04,https://raw.githubusercontent.com/nychealth/covid-vaccine-data/c747eb5080bf6693c22c59e79bbea154a026866e/people/coverage-by-demo.csv
2021-07-03,https://raw.githubusercontent.com/nychealth/covid-vaccine-data/9e21e652b29a11d63f64314b09cefa04fd96e098/people/coverage-by-demo.csv
2021-07-02,https://raw.githubusercontent.com/nychealth/covid-vaccine-data/b3c318d96f6df520ff8243ebe73c492022045d15/people/coverage-by-demo.csv
2021-07-01,https://raw.githubusercontent.com/nychealth/covid-vaccine-data/cdbf270916ecdcce050e97fbe58d2f769a70bb65/people/coverage-by-demo.csv
2021-06-30,https://raw.githubusercontent.com/nychealth/covid-vaccine-data/8aba680851f8948c354489e9243845539c03135f/people/coverage-by-demo.csv
2021-06-29,https://raw.githubusercontent.com/nychealth/covid-vaccine-data/ea0224f503ed64e2acd5762b349ebee067c05466/people/coverage-by-demo.csv
2021-06-28,https://raw.githubusercontent.com/nychealth/covid-vaccine-data/88e57c8e1936b3d7b86ae7b1694646d7288f4153/people/coverage-by-demo.csv
2021-06-27,https://raw.githubusercontent.com/nychealth/covid-vaccine-data/51226a1b86d3c70868ddff1ed2ad381a3feeb171/people/coverage-by-demo.csv
2021-06-26,https://raw.githubusercontent.com/nychealth/covid-vaccine-data/b14683e76f93719fdaaf4164a0aed8ee72b8412d/people/coverage-by-demo.csv
2021-06-25,https://raw.githubusercontent.com/nychealth/covid-vaccine-data/d3e3dfb2548c3fb357ede25eb68014522d7fc77a/people/coverage-by-demo.csv
2021-06-24,https://raw.githubusercontent.com/nychealth/covid-vaccine-data/f8ab8d7111dfc0d01bd2d849ca22527f1d691804/people/coverage-by-demo.csv
2021-06-23,https://raw.githubusercontent.com/nychealth/covid-vaccine-data/771904ec1c4ef15c8c5713b836df498b34354215/people/coverage-by-demo.csv
2021-06-22,https://raw.githubusercontent.com/nychealth/covid-vaccine-data/f5a0ad23c672d1931c1584b43f11558a0c0ca762/people/coverage-by-demo.csv
2021-06-21,https://raw.githubusercontent.com/nychealth/covid-vaccine-data/b0c83c0c0b9074cef3965d9493df66c1fc523619/people/coverage-by-demo.csv
2021-06-20,https://raw.githubusercontent.com/nychealth/covid-vaccine-data/a1f9231e18884e86c34af0a1240315aef5c8cf1d/people/coverage-by-demo.csv
2021-06-19,https://raw.githubusercontent.com/nychealth/covid-vaccine-data/884e78e9f3cd173defd5655a691079616fc74920/people/coverage-by-demo.csv
2021-06-18,https://raw.githubusercontent.com/nychealth/covid-vaccine-data/60619a3b335ed87ba8d852b4f01d0e1c23799101/people/coverage-by-demo.csv
2021-06-17,https://raw.githubusercontent.com/nychealth/covid-vaccine-data/6fc2ca6dfb2d5aee00e6a3ab322960820186c4f1/people/coverage-by-demo.csv
2021-06-16,https://raw.githubusercontent.com/nychealth/covid-vaccine-data/3a6dc1ad30199d7fbb19dfadb1b79a64acc6a81b/people/coverage-by-demo.csv
2021-06-15,https://raw.githubusercontent.com/nychealth/covid-vaccine-data/89ec9dee6c7efac1a739b0f842dc3e5f4127d9dc/people/coverage-by-demo.csv
2021-06-14,https://raw.githubusercontent.com/nychealth/covid-vaccine-data/52f12760c85739e6fd544049e60dd35e031d2cc3/people/coverage-by-demo.csv
2021-06-13,https://raw.githubusercontent.com/nychealth/covid-vaccine-data/b986ce8d3c7e64fa6c50a3b25862430f4d577e25/people/coverage-by-demo.csv
2021-06-12,https://raw.githubusercontent.com/nychealth/covid-vaccine-data/f35dabb938e210010b038fa45742c1d6b74068ff/people/coverage-by-demo.csv
2021-06-11,https://raw.githubusercontent.com/nychealth/covid-vaccine-data/46e6a6053bfe76e4034eb5f975d0e8d7420edc7e/people/coverage-by-demo.csv
2021-06-10,https://raw.githubusercontent.com/nychealth/covid-vaccine-data/0517fd6416920ade575d1e0026f7cb518f258182/people/coverage-by-demo.csv
2021-06-09,https://raw.githubusercontent.com/nychealth/covid-vaccine-data/1f62b0f823cd82ca25d4a0d07a354c886340ff47/people/coverage-by-demo.csv
2021-06-08,https://raw.githubusercontent.com/nychealth/covid-vaccine-data/580049fc030a9a257754db3ad2a4d4c33dc378cb/people/coverage-by-demo.csv
2021-06-07,https://raw.githubusercontent.com/nychealth/covid-vaccine-data/8093019fb7246f66d6b2b6b5c0e0d0fe6f6df48d/people/coverage-by-demo.csv
2021-06-06,https://raw.githubusercontent.com/nychealth/covid-vaccine-data/41195fff8334d922b58795d4e2e2ff4d216625d4/people/coverage-by-demo.csv
2021-06-05,https://raw.githubusercontent.com/nychealth/covid-vaccine-data/795bacaa2e226da7972418ac6f48e4738a10df51/people/coverage-by-demo.csv
2021-06-04,https://raw.githubusercontent.com/nychealth/covid-vaccine-data/8d64af4b17cb1ecf0fa11aeca81cb81a3e26ead2/people/coverage-by-demo.csv
2021-06-03,https://raw.githubusercontent.com/nychealth/covid-vaccine-data/0facad12c6fb745eed88f408d747e4d76c41fb92/people/coverage-by-demo.csv
2021-06-02,https://raw.githubusercontent.com/nychealth/covid-vaccine-data/db0c6abd232dad6713f2b855cbdb3e7a781c6567/people/coverage-by-demo.csv
2021-06-01,https://raw.githubusercontent.com/nychealth/covid-vaccine-data/ed96c6f44c455c63c735def5ac159f1584feb7b5/people/coverage-by-demo.csv
2021-05-31,https://raw.githubusercontent.com/nychealth/covid-vaccine-data/252c07dd1aa8a0eef5e924bea16ccc50396bc576/people/coverage-by-demo.csv
2021-05-30,https://raw.githubusercontent.com/nychealth/covid-vaccine-data/ec852887918bdabcb1c07fcfbfec9a9405849909/people/coverage-by-demo.csv
2021-05-29,https://raw.githubusercontent.com/nychealth/covid-vaccine-data/4d4ff861d134ba9529d5e9f873c56fadfe3809c3/people/coverage-by-demo.csv
2021-05-28,https://raw.githubusercontent.com/nychealth/covid-vaccine-data/29cf8036f74f2869254aa551b67ebfa523f07f9b/people/coverage-by-demo.csv
2021-05-27,https://raw.githubusercontent.com/nychealth/covid-vaccine-data/e9daf9b7958d36f4addd5c5f552f2039f2518377/people/coverage-by-demo.csv
2021-05-26,https://raw.githubusercontent.com/nychealth/covid-vaccine-data/eb36136c3375c66f34068ef8e8ed5b4cc4b05edb/people/coverage-by-demo.csv
2021-05-25,https://raw.githubusercontent.com/nychealth/covid-vaccine-data/0f0821b4ee5284a2d5535294e99134e5a2e9842b/people/coverage-by-demo.csv
2021-05-24,https://raw.githubusercontent.com/nychealth/covid-vaccine-data/9e42890e7311c751d0d4b55701ca784f14c682ab/people/coverage-by-demo.csv
